{
  "model_type": "random_forest",
  "feature_names": [
    "amount",
    "hour",
    "day_of_week",
    "user_frequency",
    "amount_log",
    "is_night",
    "is_weekend",
    "is_high_amount",
    "is_unknown_merchant",
    "is_foreign_country",
    "merchant_encoded",
    "country_encoded",
    "transaction_type_encoded"
  ],
  "metrics": {
    "accuracy": 0.9964,
    "precision": 0.9496124031007752,
    "recall": 0.98,
    "f1_score": 0.9645669291338583,
    "roc_auc": 0.9997549473684211,
    "feature_importance": {
      "amount": 0.1689816627846392,
      "hour": 0.07079565399170008,
      "day_of_week": 0.0020401803757103248,
      "user_frequency": 0.41197312379849754,
      "amount_log": 0.21581111382100654,
      "is_night": 0.1079809260159034,
      "is_weekend": 0.0004248244334038054,
      "is_high_amount": 0.017036120129982724,
      "is_unknown_merchant": 0.0005026640521208337,
      "is_foreign_country": 0.0005735456160929169,
      "merchant_encoded": 0.0013031293510918642,
      "country_encoded": 0.001347038246112721,
      "transaction_type_encoded": 0.0012300173837381777
    }
  },
  "training_date": "2026-02-04T21:14:15.082890",
  "version": "v1"
}