{
  "model_version": "v1",
  "evaluation_date": "2026-02-04T22:14:30.856554",
  "metrics": {
    "accuracy": 0.9953,
    "precision": 0.9347408829174664,
    "recall": 0.974,
    "f1_score": 0.9539666993143976,
    "roc_auc": 0.9995930526315789
  }
}